user_id,user_name,user_password,img_address,user_type
2c6e7b33-7815-4a8e-a6bd-5e8608eef1ff,name01,test,img_sample,GENERAL
f21dd1e3-e018-4cde-b3a7-3d58ba27772a,name02,test,img_sample,GENERAL
d55b433b-79f0-4a9d-84de-66e8381e2502,name03,test,img_sample,GENERAL
fdd1b77e-8de1-4210-9116-bcabc5797b1d,name04,test,img_sample,GENERAL
832cb42a-3c37-4b07-8977-82408ed7d70c,name05,test,img_sample,GENERAL
66535083-50ca-46b0-91c5-0263adcb6570,name06,test,img_sample,GENERAL
b921acb5-4fb3-4029-b433-779922dee50f,name07,test,img_sample,GENERAL
b81582d0-e069-446e-9ac1-e01d8c925128,name08,test,img_sample,GENERAL
f39d103a-75db-4f0c-aeda-3794edbc6768,name09,test,img_sample,GENERAL
57a608a8-2e94-43b1-9006-e51dd86fb38d,name10,test,img_sample,GENERAL
ed585b0c-aa75-4a4f-afc3-b625db7dc99e,name11,test,img_sample,GENERAL
d1142c25-6eed-4bfd-a9fe-f71134c91652,name12,test,img_sample,GENERAL
fc0f0ccf-cd47-4ff7-8374-0be07bc57c65,name13,test,img_sample,GENERAL
4dff0ae8-b012-486a-8386-cb1179245490,name14,test,img_sample,GENERAL
8cbd73bb-284f-48a5-80cc-abd87d259367,name15,test,img_sample,GENERAL
aa92692d-ced1-4905-9a2b-adc22f0a356c,name16,test,img_sample,GENERAL
c52f8707-fba9-4da7-9ed2-9b1067a5619a,name17,test,img_sample,GENERAL
9e594828-4a80-4504-8236-636862ae2e47,name18,test,img_sample,GENERAL
a0f39386-9a8a-4aeb-9301-7edbf3de47a6,name19,test,img_sample,GENERAL
da77c74f-28d1-4e22-b5a5-3f40e3e5f6b4,name20,test,img_sample,GENERAL
7fb911f2-41d1-43e4-8834-e66ec989a9d4,name21,test,img_sample,GENERAL
447bade2-e78d-47ec-b34c-3be139185dc3,name22,test,img_sample,GENERAL
1659f5ef-d0a2-4316-afa2-d76fa60a91d5,name23,test,img_sample,GENERAL
200488ae-e44c-4ebe-9280-ea3a40652fc8,name24,test,img_sample,GENERAL
1f137f91-fa50-4fe2-856e-fee19e0eea7d,name25,test,img_sample,GENERAL
4c9b3789-c819-4215-8914-b1f64e75814b,name26,test,img_sample,GENERAL
576afa35-40f3-47e7-b9e3-d505deea79aa,name27,test,img_sample,GENERAL
039820e1-bd1c-44d1-b962-cb0e7df24c20,name28,test,img_sample,GENERAL
0443c298-a07d-4073-8dc1-bd09f7010334,name29,test,img_sample,GENERAL
d2c12209-2c7e-4d69-af96-ae6a041e05fa,name30,test,img_sample,GENERAL
test,test,test,img_sample,GENERAL
admin,admin,admin,img_sample,OPERATION_MANAGER
tadmin,tadmin,tadmin,img_sample,TALENT_MANAGER
a0fdd820-67a7-4868-823a-9f7bcdca1dbd,name31,test,img_sample,GENERAL
c5f5988f-99f2-481e-afa3-03931a9ea02d,name32,test,img_sample,GENERAL
5d2ff422-c5fc-4a2f-bb6e-f3e4476f6f49,name33,test,img_sample,GENERAL
33ef8948-82b4-42a1-a221-04c42daf4764,name34,test,img_sample,GENERAL
544319c5-8f03-44cf-9b00-991d0d9f9b0c,name35,test,img_sample,GENERAL
14d4066c-20a3-4878-be35-3d9b5b8480aa,name36,test,img_sample,GENERAL
fcada7d7-80c2-47a2-a55a-8701b73ea7f7,name37,test,img_sample,GENERAL
05b58769-3172-4d87-87d1-917f2fa795ca,name38,test,img_sample,GENERAL
9d4877db-19a4-44d2-b056-8f136d5e9840,name39,test,img_sample,GENERAL
172b00fd-ebfe-4410-9335-e949dab590b8,name40,test,img_sample,GENERAL
b65a39bd-2d4e-46f9-b6ed-82a31d3dd136,name41,test,img_sample,GENERAL
2fedf92e-144b-484e-a534-b59e13749161,name42,test,img_sample,GENERAL
20570a0b-3e76-4efd-b499-6b12fa3c3bb3,name43,test,img_sample,GENERAL
a84cd97b-7b01-4e4a-abab-6ea711e92492,name44,test,img_sample,GENERAL
4f734b97-c4ad-44cf-aa6a-259441be3fba,name45,test,img_sample,GENERAL
769bbe64-ba15-4fce-bb41-592256f02848,name46,test,img_sample,GENERAL
2242e934-da16-463f-87e7-1096f210e53f,name47,test,img_sample,GENERAL
4bbbc74d-0f58-436a-9e91-fe200cff9f99,name48,test,img_sample,GENERAL
15fce0d6-f32d-4da0-80ac-4bd772166cb3,name49,test,img_sample,GENERAL
37700a4d-deda-41ef-a256-429f4b0b573b,name50,test,img_sample,GENERAL
95059792-93ab-4854-ab9a-38a900f6d794,name51,test,img_sample,GENERAL
d7614827-f02f-45c9-8f60-171ffcf06a00,name52,test,img_sample,GENERAL
7bfe9f3e-5e72-43cf-ab81-3d40e4b4612c,name53,test,img_sample,GENERAL
46625191-f9e6-457d-8b1b-af92300e141f,name54,test,img_sample,GENERAL
d8a8a28e-134d-4e3f-a01b-d9523d61fe79,name55,test,img_sample,GENERAL
e40af157-3c90-4034-8c5d-3442e07e4327,name56,test,img_sample,GENERAL
c1ab6ad1-bcae-498a-9bb4-82f80d5894a4,name57,test,img_sample,GENERAL
1bc881f5-f021-40f9-9f7c-ad35ce9ed04a,name58,test,img_sample,GENERAL
02fc7ad7-4bc2-4774-831c-07df1f6f078b,name59,test,img_sample,GENERAL
1cc66ae1-5128-4194-8dc3-a8ffe815713e,name60,test,img_sample,GENERAL
0be66765-e646-49bd-b838-fec9728d6658,name61,test,img_sample,GENERAL
41e3c8b9-0e60-465a-99d0-cbeb17bf750b,name62,test,img_sample,GENERAL
f79e3787-c920-4b06-bbdc-e03e19e1f5cd,name63,test,img_sample,GENERAL
d276830a-ddea-49d1-8275-a893fdfd927b,name64,test,img_sample,GENERAL
cdf0509e-b2dc-47a3-a977-0fd9eaf0aace,name65,test,img_sample,GENERAL
8f7231bf-44fd-4e52-be82-a9f46fbe119b,name66,test,img_sample,GENERAL
8c568bfc-52b0-4388-b1fa-78bb5cf88e1a,name67,test,img_sample,GENERAL
626769db-1e39-4600-b1b5-a969682c9a3b,name68,test,img_sample,GENERAL
81a2ea55-c273-4eef-bf91-fdbc0fe2f49c,name69,test,img_sample,GENERAL
e9391788-d6ea-4386-b7ec-f1e7c0d93f2e,name70,test,img_sample,GENERAL
0c26267e-a0f1-4812-af86-6da291c7688e,name71,test,img_sample,GENERAL
22715c4c-2f7e-4e12-845b-40cf2441716f,name72,test,img_sample,GENERAL
172ac0cf-4cad-40ae-8b6b-b072208667af,name73,test,img_sample,GENERAL
a3aaf130-69c8-4130-ae9d-a2adbae34c1a,name74,test,img_sample,GENERAL
c5bd14f8-174d-4c04-bc79-3a82345911cc,name75,test,img_sample,GENERAL
9ee250b8-121e-4c1a-9ed8-abb1356d11f2,name76,test,img_sample,GENERAL
34c83024-be1a-4ba6-b9c9-d555ea737f1d,name77,test,img_sample,GENERAL
939763ad-b924-411c-993b-c9b7cff27070,name78,test,img_sample,GENERAL
c639d238-03f4-46eb-bb60-4d93367c1aa3,name79,test,img_sample,GENERAL
c4f63d69-456c-487d-8091-d11063b281e7,name80,test,img_sample,GENERAL
6586fe9d-63fd-462c-a475-779738488249,name81,test,img_sample,GENERAL
a8c22f40-87e5-450b-a65b-b416bb2398c7,name82,test,img_sample,GENERAL
15cc6c47-880d-46f2-aa8e-3dac4b1c3b0e,name83,test,img_sample,GENERAL
90f0efac-2989-41d4-b8e9-2480fb61ab07,name84,test,img_sample,GENERAL
2255cfc6-575c-43fe-b57d-c8a0b55749ca,name85,test,img_sample,GENERAL
b5c6cc4d-8a80-4017-be0b-7d60e4b92e57,name86,test,img_sample,GENERAL
81fe3403-2a8f-4595-b416-a17d863f5cd6,name87,test,img_sample,GENERAL
d5dc2e35-c118-47af-8480-fdc9582fed5d,name88,test,img_sample,GENERAL
264b6af2-6749-49fc-b7f9-35ea42c044a1,name89,test,img_sample,GENERAL
725b3002-2b91-4a9f-a8fe-1dbde9dc9166,name90,test,img_sample,GENERAL
12457918-9e10-4b4f-bf65-7cc2a9677fde,name91,test,img_sample,GENERAL
fed8a9e8-228e-4bc8-82ad-ebfad0880b42,name92,test,img_sample,GENERAL
2b862927-0aff-4633-9099-89b21e2ba25d,name93,test,img_sample,GENERAL
d17ac14b-5cd3-478d-967a-66c9a62e1e40,name94,test,img_sample,GENERAL
d86aa2b5-c9d1-4bb9-8172-50caddb5a8e8,name95,test,img_sample,GENERAL
11d68c78-2553-4e0c-ada0-0471b72a7dc3,name96,test,img_sample,GENERAL
c591c3f7-44bd-4a68-9c5d-729c2837b2e3,name97,test,img_sample,GENERAL
7ec19753-e5cb-44a5-8acd-76acdafae149,name98,test,img_sample,GENERAL
671091ca-413d-4392-9ef9-057a88fca26b,name99,test,img_sample,GENERAL
33bc7646-2ac5-4f86-990f-389d53521531,name100,test,img_sample,GENERAL
ec07cd65-12e4-426a-a369-86cf1c7c8bc1,name101,test,img_sample,GENERAL
bd499f41-7559-40b8-b175-897c06859a3d,name102,test,img_sample,GENERAL
6b2f18fc-b309-4809-bbee-3f8197868bfe,name103,test,img_sample,GENERAL
212d929f-244e-4a33-8978-64bea0ce56c9,name104,test,img_sample,GENERAL
dbdb9875-9256-442a-b6cc-b3461aab06ca,name105,test,img_sample,GENERAL
bbcbf823-f7c2-4204-88ee-559ce1a6fc0b,name106,test,img_sample,GENERAL
9c7bd2c6-1c78-43a0-bd38-adec66f4035f,name107,test,img_sample,GENERAL
349b0f58-d809-4d8b-bc0d-0094f645f1af,name108,test,img_sample,GENERAL
29be00c4-6ad7-4b63-9b4e-a1690fc41879,name109,test,img_sample,GENERAL
00ce7dbf-2459-40a7-9393-aab069739e78,name110,test,img_sample,GENERAL
d79ab36e-64c5-474a-8c6e-b4c2f8604ef4,name111,test,img_sample,GENERAL
11a17c97-05ab-40c8-a3e0-96dafbae3563,name112,test,img_sample,GENERAL
8924180a-0ef5-4cc8-b8bc-6f7930f90299,name113,test,img_sample,GENERAL
1ddbcece-dfbe-4e98-95b5-638e7cd92130,name114,test,img_sample,GENERAL
fe5caeda-e850-4234-8582-fffafe12b246,name115,test,img_sample,GENERAL
f818228c-6e3d-4409-b5f4-8fa01bc009c3,name116,test,img_sample,GENERAL
83b51981-f43a-4e30-8bfc-58c8541230d8,name117,test,img_sample,GENERAL
fa9b433e-3ddb-4977-8a76-b4719381441a,name118,test,img_sample,GENERAL
c84b7711-ddbc-4691-a478-8cce31384693,name119,test,img_sample,GENERAL
b8a4743a-e62b-49cc-8366-19f89f246ad7,name120,test,img_sample,GENERAL
56d0e28d-f4bf-43cb-9a96-22ea0c1f13df,name121,test,img_sample,GENERAL
b9d844da-d0de-4d5a-8db0-d4e0f8a9c3dc,name122,test,img_sample,GENERAL
b172fd98-330d-45ac-87e6-b0a67024f8fb,name123,test,img_sample,GENERAL
483b5ba6-106c-4feb-bccb-6eaa5b2baf2b,name124,test,img_sample,GENERAL
ba11c140-e0ca-4c5c-8fd2-ec68c7eb9223,name125,test,img_sample,GENERAL
f8d0046b-5405-41a3-bf76-10824771f133,name126,test,img_sample,GENERAL
5719e43b-8e42-4cdb-90e3-d5e9c62a61c7,name127,test,img_sample,GENERAL
5a083c15-1b5e-4024-84ae-64fbad3de44c,name128,test,img_sample,GENERAL
1c70029f-d73e-4c0f-8a77-23a0544c1801,name129,test,img_sample,GENERAL
18109683-a2cd-4d56-95c0-53e18063729e,name130,test,img_sample,GENERAL
472ace4e-40f4-4774-afec-061df7fdc12f,name131,test,img_sample,GENERAL
af658110-e240-41e0-a04e-9c6b0eda4ee1,name132,test,img_sample,GENERAL
026187fb-a38a-454e-9be4-7aff8745ee17,name133,test,img_sample,GENERAL
dbf67434-73de-4445-8858-08568689902f,name134,test,img_sample,GENERAL
2a444455-4743-4028-a685-b3bd205402a0,name135,test,img_sample,GENERAL
0623852b-a070-42e8-9a23-5ff35b782177,name136,test,img_sample,GENERAL
c26af02b-bc94-456c-9c41-d934d6ad76bb,name137,test,img_sample,GENERAL
49133a9d-cb02-40f0-a32f-36ec3ad3ae43,name138,test,img_sample,GENERAL
bab26d63-7ba2-4dad-80fa-7ce21337185c,name139,test,img_sample,GENERAL
bd9b2df0-64bc-45d4-b12d-ea155fa3534e,name140,test,img_sample,GENERAL
5b079e2f-51ed-4516-8834-39cda9c72863,name141,test,img_sample,GENERAL
991b7ad0-b940-48eb-9e8c-eee30b80d9c7,name142,test,img_sample,GENERAL
b7cea87f-c239-4a43-a779-0cc2c7fd352e,name143,test,img_sample,GENERAL
fc8dbadc-7815-4638-9f82-7c3280000e4a,name144,test,img_sample,GENERAL
5cc5fdc1-5007-4231-a1cc-f47005c8fe0e,name145,test,img_sample,GENERAL
191f0bc0-2fe9-436e-a6ee-740208895d80,name146,test,img_sample,GENERAL
e95a4a30-30f2-4129-af77-914a2b6ad550,name147,test,img_sample,GENERAL
79311792-5549-41dc-a537-0d4616657777,name148,test,img_sample,GENERAL
006327e8-bb3a-4597-bf17-5340321ff234,name149,test,img_sample,GENERAL
ccb2d0ea-d3cc-41bf-b6fb-75a6cbf61623,name150,test,img_sample,GENERAL
682ae9fd-ad82-4940-9464-64689b2a4bc5,name151,test,img_sample,GENERAL
445b9938-29f5-4718-9429-62164a59272b,name152,test,img_sample,GENERAL
33070164-51a0-46d7-a1e1-b7257dd9de93,name153,test,img_sample,GENERAL
c55d643c-2ca7-4b24-9f60-45d1f382db1e,name154,test,img_sample,GENERAL
89ed9919-ef1c-4e2f-a03d-491f644f1396,name155,test,img_sample,GENERAL
56ba4f35-4008-4922-8a5f-01cf9b6c7396,name156,test,img_sample,GENERAL
1c913d75-8d7c-44aa-8d3a-c5dcd865606e,name157,test,img_sample,GENERAL
f4d693c3-b56b-4839-81a4-be58276db928,name158,test,img_sample,GENERAL
3e1ecc29-bd07-4999-a5c1-963e612705b8,name159,test,img_sample,GENERAL
51cca55b-298a-46ef-abd3-f029fee5783c,name160,test,img_sample,GENERAL
cdf3ccf9-0c05-4e3b-97ac-28d9e743e59e,name161,test,img_sample,GENERAL
f3ae3030-218c-4c89-9ab0-50a90221b346,name162,test,img_sample,GENERAL
d53a7d7c-ef8d-41b5-8430-ae41af877b45,name163,test,img_sample,GENERAL
b555ad81-7281-4538-b0ad-fa4568f1bb01,name164,test,img_sample,GENERAL
dfa33bce-4507-484f-8f31-b7d2b6f1654f,name165,test,img_sample,GENERAL
3f38f912-a94e-4662-ac29-a094056e845e,name166,test,img_sample,GENERAL
ac6bc389-9b94-45d3-9fe1-9505c74d9b7f,name167,test,img_sample,GENERAL
2d437c5e-0892-4c9b-9583-2d3b583ada61,name168,test,img_sample,GENERAL
199cafac-eb00-40a6-878e-a85dec8ddb98,name169,test,img_sample,GENERAL
4517bf0c-7906-4d01-b98d-2c1eafd18a14,name170,test,img_sample,GENERAL
305a25d1-34a8-43f7-a3fd-1580283b72a5,name171,test,img_sample,GENERAL
bd65a07d-ce2a-4f19-9af6-56ccd14a03d0,name172,test,img_sample,GENERAL
ffd9fe82-1de6-4686-8885-20dfa663356a,name173,test,img_sample,GENERAL
5d1716fe-e996-41e1-b8dd-d8ff820d6834,name174,test,img_sample,GENERAL
d8cef8ed-4ddb-4646-b6c6-15c267d1443f,name175,test,img_sample,GENERAL
e210a9ec-023a-43fb-a38f-9daff88f487c,name176,test,img_sample,GENERAL
0987061b-cb6a-47c3-81c3-ab96ff60151e,name177,test,img_sample,GENERAL
1577d370-f6c2-4c97-9800-e54ca7058fd4,name178,test,img_sample,GENERAL
3cebb8d9-b90a-49b0-8f05-44993443af0e,name179,test,img_sample,GENERAL
1baacf3d-4bc0-478e-84e2-61acf860a246,name180,test,img_sample,GENERAL
c3ff1d25-5884-4bd1-adbe-24f6c2b3a578,name181,test,img_sample,GENERAL
d5b0b702-5ed4-4b20-add2-72272506dd30,name182,test,img_sample,GENERAL
f47cf518-2dd1-40f9-99d1-8dc68ba21727,name183,test,img_sample,GENERAL
591d9555-6887-43f4-bd2f-624f9316ec61,name184,test,img_sample,GENERAL
e628128d-a3c5-4af3-ac98-b06954d20c09,name185,test,img_sample,GENERAL
c80b666b-309c-4d2a-8831-29d3e81b66d0,name186,test,img_sample,GENERAL
9398c09f-1dfa-46d1-b42f-5dfc1c61b22c,name187,test,img_sample,GENERAL
7fb8e561-b691-4237-8981-97e44dc7417e,name188,test,img_sample,GENERAL
25a6d93e-1379-44a6-9ebb-622c21b68567,name189,test,img_sample,GENERAL
5d479537-442f-4362-8288-a6ed23568ff9,name190,test,img_sample,GENERAL
73db9bea-4310-485f-90e6-dff0eec6ad3c,name191,test,img_sample,GENERAL
9b448182-dbe1-4df5-ae5d-49b02bfda248,name192,test,img_sample,GENERAL
4b2f56fb-a1c6-46ff-b7b6-329f06d7a50e,name193,test,img_sample,GENERAL
3b5592d6-8d70-4e61-bb1d-165852f80b87,name194,test,img_sample,GENERAL
7d5624d5-99ac-424e-a809-7f24cd16d46e,name195,test,img_sample,GENERAL
78462bae-1ed6-4371-a246-0da5fee5b1e9,name196,test,img_sample,GENERAL
da4533e0-1fcc-4b80-9eb2-66d1e2cbc152,name197,test,img_sample,GENERAL
11e10868-cfe8-4c23-98a9-67350b9c1eb8,name198,test,img_sample,GENERAL
081f22f2-5e65-42f9-9731-470ec7039de9,name199,test,img_sample,GENERAL
0d32734a-7462-43c2-9ef3-9c722a24e002,name200,test,img_sample,GENERAL
c4627b54-8b32-4ec7-b081-fe064c7f7694,name201,test,img_sample,GENERAL
25d6fbe2-5a8e-4a28-bf5e-8de2c0c1e7e9,name202,test,img_sample,GENERAL
cd1a747c-f324-4ce3-8cff-799dbe9757ec,name203,test,img_sample,GENERAL
e88ddf36-fdc7-4bac-8821-f7e5dc97bc29,name204,test,img_sample,GENERAL
0ded717d-b0db-47cf-88a8-676ba6bb9f17,name205,test,img_sample,GENERAL
dbbf6d5f-f3cc-447a-92f3-4210c1b4f348,name206,test,img_sample,GENERAL
03e56b20-5ccc-4806-8f9f-c74bd0b77775,name207,test,img_sample,GENERAL
be0c1991-205a-493b-a36c-0b3f08eb9ada,name208,test,img_sample,GENERAL
11fedad7-110b-42c8-ae33-21d49f91b496,name209,test,img_sample,GENERAL
ec84415b-0347-4fc3-a669-8fcc4197e100,name210,test,img_sample,GENERAL
924b6a85-1128-46d0-97f8-511111f55af9,name211,test,img_sample,GENERAL
04f42673-055b-405a-b768-8fb5ec599fe5,name212,test,img_sample,GENERAL
16d3936f-a73d-48e2-b9b9-9d145eb0f0c6,name213,test,img_sample,GENERAL
3b59497e-eda2-42d7-b5fd-191452909172,name214,test,img_sample,GENERAL
e93f3045-e524-4113-ac40-ae6c7e3fd14b,name215,test,img_sample,GENERAL
2770106a-6839-412d-8f16-26aa09c19ef3,name216,test,img_sample,GENERAL
ea6a9af0-af7a-40c9-b2ef-e3539f3ed75e,name217,test,img_sample,GENERAL
01c9715b-566a-46ff-9702-ad98ea510795,name218,test,img_sample,GENERAL
e84c6a24-eac3-48bc-b4e4-8fbed813e4be,name219,test,img_sample,GENERAL
9128e3f0-8630-45e7-9cb4-305d86cf72b0,name220,test,img_sample,GENERAL
936fd2e5-ba16-4876-b76f-281f008f00ba,name221,test,img_sample,GENERAL
4651d1a2-de1e-40c1-ad85-d65ee16aa880,name222,test,img_sample,GENERAL
e1c8a266-44a0-4574-baf5-10d981063604,name223,test,img_sample,GENERAL
eed7ecb4-ee0f-459e-ac98-8537589f175b,name224,test,img_sample,GENERAL
0b5c2b32-21b5-4777-b040-9b637d28e1af,name225,test,img_sample,GENERAL
2c0528ed-115e-4727-bd25-36c4104ebf54,name226,test,img_sample,GENERAL
e76e90fc-86ce-4e16-9f17-01d96c4af3ed,name227,test,img_sample,GENERAL
47605886-4ebf-4951-b5fc-b02cd9dc8b8b,name228,test,img_sample,GENERAL
39205b19-b7fe-4e74-bee9-634d9e40a8bf,name229,test,img_sample,GENERAL
e578f737-8a11-4955-bfe4-407a55a665ee,name230,test,img_sample,GENERAL
c366aece-65cf-44e8-a576-a09cfc8c188b,name231,test,img_sample,GENERAL
4f7996da-74ab-4193-94d7-37b2596b569e,name232,test,img_sample,GENERAL
a682ce7d-7f30-43c7-b473-10ba845b27f7,name233,test,img_sample,GENERAL
181dda5a-184c-4240-a09d-36b9156d7867,name234,test,img_sample,GENERAL
40d9b157-fb6e-46b7-bc60-4ce12842cb27,name235,test,img_sample,GENERAL
085026e4-45bf-45c8-8a3b-ae5e29b50875,name236,test,img_sample,GENERAL
d6778ee1-9c3e-49bd-8009-96828cf84d28,name237,test,img_sample,GENERAL
4f9a5e76-3fef-42c0-9a53-af8213844094,name238,test,img_sample,GENERAL
99689916-c80b-45e2-af50-69dcd91caf8a,name239,test,img_sample,GENERAL
9ea38bf5-28d1-442d-b2ba-be3e501a1e28,name240,test,img_sample,GENERAL
0dd6c098-24ef-45ae-afcb-9f937b8b0e53,name241,test,img_sample,GENERAL
c6c7a516-6c34-4d8c-98c5-1abf260240cb,name242,test,img_sample,GENERAL
fe894c3b-62da-4d79-9792-220eb449b8e9,name243,test,img_sample,GENERAL
9df3d3f5-3eff-42da-9767-e619f04ba4ca,name244,test,img_sample,GENERAL
9a386765-389c-4662-b1ae-275e7944d02b,name245,test,img_sample,GENERAL
6789819e-d171-43e3-845e-4c7050891c3a,name246,test,img_sample,GENERAL
ba270f14-e661-47cb-8fbf-ca0ede69070f,name247,test,img_sample,GENERAL
2bad4eb7-0630-41e1-896f-bb219742b5be,name248,test,img_sample,GENERAL
c244a6df-8d5a-4aed-9d5e-38c0a673cac0,name249,test,img_sample,GENERAL
220fb83c-3027-41a8-b4b6-e5495c81384c,name250,test,img_sample,GENERAL
0c68fe43-a3ce-4cbf-a34d-b5835b051a54,name251,test,img_sample,GENERAL
55d2a713-d4d0-4d78-817f-9adcbfce0cf5,name252,test,img_sample,GENERAL
0578c7c2-5220-44b6-8100-093e2ff61e5d,name253,test,img_sample,GENERAL
5c12c72f-b0b9-443d-b801-8ce0f61c6526,name254,test,img_sample,GENERAL
7a326842-96e0-488d-b86f-cfcb629cd4df,name255,test,img_sample,GENERAL
562aa2c5-0ea1-4774-aa7e-c85e765b235f,name256,test,img_sample,GENERAL
bb77575c-464a-4982-9c2f-31d42ce32345,name257,test,img_sample,GENERAL
29c9f9d1-5988-4eca-bbb6-ec7cc4648569,name258,test,img_sample,GENERAL
78ad1984-29ae-4707-b65e-91ad4fb64d47,name259,test,img_sample,GENERAL
41733583-f4a1-471c-8e9c-ce5bd83adf3e,name260,test,img_sample,GENERAL
5bdf03d3-0f2c-4d29-847c-e219c99de9a0,name261,test,img_sample,GENERAL
556460e4-05b3-445a-b404-464de261bea1,name262,test,img_sample,GENERAL
4882a68e-ae93-4418-8a63-4682ebc6b99b,name263,test,img_sample,GENERAL
1f6b07c0-4771-4303-8c5e-290717743d07,name264,test,img_sample,GENERAL
680bd46e-e77f-40b5-abc5-36a084666575,name265,test,img_sample,GENERAL
ab625fc5-3a06-4648-8fb9-f25c420c247e,name266,test,img_sample,GENERAL
02f0f58e-3904-4175-b545-6ed048a3b0e0,name267,test,img_sample,GENERAL
8198c74f-2e3a-497a-aa96-e12a4a93c0a4,name268,test,img_sample,GENERAL
5615dd22-74da-44ae-93a0-3448cde40ae8,name269,test,img_sample,GENERAL
eeb7ebe0-dce3-4797-bb04-c2f4e95f00fc,name270,test,img_sample,GENERAL
edb198f4-2bb4-4839-b134-7519526e07db,name271,test,img_sample,GENERAL
d117c847-ba3e-414a-bb55-14e169825fdf,name272,test,img_sample,GENERAL
d5d4adf5-1829-40ea-bebc-1f6671602cae,name273,test,img_sample,GENERAL
abfc5f4b-0750-4954-9a44-11f138f94f3e,name274,test,img_sample,GENERAL
bb5f1d26-83a4-41cd-8261-7f5863131f3c,name275,test,img_sample,GENERAL
926c8feb-91c8-436a-82b7-6d87110501f5,name276,test,img_sample,GENERAL
6a3dd789-6919-491c-a0cc-8a76ee3b7f28,name277,test,img_sample,GENERAL
a7370cac-1204-4b07-9258-36b03c35ff36,name278,test,img_sample,GENERAL
9767825a-3efe-46e2-a47f-7a019adea5e2,name279,test,img_sample,GENERAL
7359c171-8f66-4b6c-a4fb-dd1f48c1d736,name280,test,img_sample,GENERAL
cb937e6c-1407-4f6f-aec6-5eb4c0801382,name281,test,img_sample,GENERAL
b77fd0ad-90c4-48b0-a877-f19a08e5af90,name282,test,img_sample,GENERAL
7a614d85-973e-4a02-8ad6-b4207c557303,name283,test,img_sample,GENERAL
1d41cd4b-e77b-44f0-9d19-4036ea6716c3,name284,test,img_sample,GENERAL
75c9159f-6493-405f-8dff-fe6c19f3fbdf,name285,test,img_sample,GENERAL
06283e51-cb02-4485-a05a-bae0739da23e,name286,test,img_sample,GENERAL
ef80b725-604d-4d77-b5fc-d49684e7277e,name287,test,img_sample,GENERAL
bd66eb39-409c-432b-b589-e935a9952d6b,name288,test,img_sample,GENERAL
8f7a7008-510c-48cd-a69d-e9479b583c11,name289,test,img_sample,GENERAL
eb461114-eb88-4784-a21c-93c508aa287a,name290,test,img_sample,GENERAL
1bda96ba-83d5-4e7e-b80e-15a4f376d867,name291,test,img_sample,GENERAL
9d81ddc2-b381-4d11-9725-8784433743b1,name292,test,img_sample,GENERAL
f11f654b-f5db-490a-85d4-dd7c0317213e,name293,test,img_sample,GENERAL
a600fcdf-cbc2-4018-8dff-e7414b88889c,name294,test,img_sample,GENERAL
0460dfcb-be33-430f-a494-e72af27bf95e,name295,test,img_sample,GENERAL
4610a7de-c8eb-4112-8774-e3d8eef719f3,name296,test,img_sample,GENERAL
17a49921-7ea3-4ea8-a08b-8e0e65be9eec,name297,test,img_sample,GENERAL
d178d467-248f-4357-ba0d-3a35401c46d5,name298,test,img_sample,GENERAL
07ff48a6-c7a3-41f2-b8ef-b2f2c972f598,name299,test,img_sample,GENERAL
00ca595a-795d-4ab7-8167-08d38102c0c4,name300,test,img_sample,GENERAL
e98a150a-ad6c-4f10-9846-e817c81faca8,name301,test,img_sample,GENERAL
b38f7b01-c4a7-4dd6-b780-2243c7b00236,name302,test,img_sample,GENERAL
a1008d6f-ac06-4e1e-99d2-778d1e81db8e,name303,test,img_sample,GENERAL
8dde4f30-54ab-4fdb-a55a-884081682816,name304,test,img_sample,GENERAL
1ff8da96-8d14-4e13-b6f9-cc63aa3211f9,name305,test,img_sample,GENERAL
0a00f566-dda4-4fe3-b923-778f1bd4476f,name306,test,img_sample,GENERAL
97ca8986-1543-491f-b1af-e13437062b4b,name307,test,img_sample,GENERAL
c446bf38-45c8-43b6-96e2-195a470f9be8,name308,test,img_sample,GENERAL
dab38868-b225-488b-8e30-479c5476142b,name309,test,img_sample,GENERAL
e3d91a8c-1a99-4309-b5d1-df233d60aa63,name310,test,img_sample,GENERAL
2b784d03-cc80-4ec9-bee7-84d81bf8e90e,name311,test,img_sample,GENERAL
681a56c1-9266-4300-8a60-965a99c53a0d,name312,test,img_sample,GENERAL
c69bf52d-1fbc-441e-ba3d-179d21aaf6bb,name313,test,img_sample,GENERAL
f305890f-1862-4e2f-9473-5e15577b2251,name314,test,img_sample,GENERAL
a8253963-61fd-44cf-908f-b68f6bc00d58,name315,test,img_sample,GENERAL
9e4a0b9d-f38b-4639-a4bf-ea20d06f112e,name316,test,img_sample,GENERAL
a6d42a6a-24f6-4ebd-a61b-93d98ac9b989,name317,test,img_sample,GENERAL
48e37d39-1cd5-4e55-89bc-bcb79652e61b,name318,test,img_sample,GENERAL
96c41813-2dd8-43c4-9699-c6d920c23e46,name319,test,img_sample,GENERAL
104812d6-4afa-44ff-b4e8-eea08d8ee0cb,name320,test,img_sample,GENERAL
5b0c52dc-357f-4c62-a761-4b3038614e97,name321,test,img_sample,GENERAL
e1e9acf3-03b6-4be4-a227-309f267ef8ec,name322,test,img_sample,GENERAL
34f2391c-b3e3-4783-af56-0ddfded7dabe,name323,test,img_sample,GENERAL
6496edf8-246f-4ada-bb2b-66113ae7d4e8,name324,test,img_sample,GENERAL
c894eb4a-8b3c-47cb-b70b-7b29a44e529a,name325,test,img_sample,GENERAL
43482da0-6b4b-4bf6-b91d-70faa3526d82,name326,test,img_sample,GENERAL
5b8c6525-c0da-42d3-a4db-4bf128d80f04,name327,test,img_sample,GENERAL
d269553b-4915-4da0-8fdd-8c3908a997d7,name328,test,img_sample,GENERAL
a892c82f-e78f-44a6-8891-a2873ba0bacb,name329,test,img_sample,GENERAL
aede2e8c-284d-4676-9801-422327ce2a93,name330,test,img_sample,GENERAL
61ff6442-ab1e-49b8-986d-973caba2c4a2,name331,test,img_sample,GENERAL
b39fb1e2-8df0-43af-90bc-a68b9a9701ed,name332,test,img_sample,GENERAL
7908714a-7a02-42c0-ad99-07db2c068710,name333,test,img_sample,GENERAL
aa52eccc-51cc-4b2a-b563-d75b28788001,name334,test,img_sample,GENERAL
ab8ad014-6e70-4648-85e0-fd7a315df104,name335,test,img_sample,GENERAL
804f4479-0e94-426c-ae63-4703494ab0af,name336,test,img_sample,GENERAL
9a980e28-177d-4665-95bb-4d6e6b84aaf1,name337,test,img_sample,GENERAL
78a11d57-7ed8-4909-a54a-b7cefe0d6ce7,name338,test,img_sample,GENERAL
4c2a7b9c-f6b2-40f4-bb87-db98d5c7a961,name339,test,img_sample,GENERAL
d053035a-9cb3-4551-b221-578ec0261bcf,name340,test,img_sample,GENERAL
6fb1dff3-608c-4fb8-ae61-d3a6b011857e,name341,test,img_sample,GENERAL
a1955cea-d457-449d-a8d2-124aab4099c6,name342,test,img_sample,GENERAL
b2eef30d-6bfa-4256-9dfd-273dcfb7a615,name343,test,img_sample,GENERAL
858631cf-2346-4eec-b8f6-07e529c8b3be,name344,test,img_sample,GENERAL
3814b748-ed0f-4132-9ebf-f54588e68902,name345,test,img_sample,GENERAL
25eed4b6-ad6b-4787-a59b-02fc3da93788,name346,test,img_sample,GENERAL
33bb76aa-ef99-47a4-8efd-ab6c7565391a,name347,test,img_sample,GENERAL
f651af1f-ad1a-4ee2-a8d3-8619c953beef,name348,test,img_sample,GENERAL
da839c8c-1550-4648-bbf3-e08faea7ce7e,name349,test,img_sample,GENERAL
65b668e9-dbf9-49cd-841c-ee4850d22971,name350,test,img_sample,GENERAL
c1c873e0-b36f-4225-b677-a2862c318087,name351,test,img_sample,GENERAL
2215c36b-79a4-414d-bcb3-48ca45914b96,name352,test,img_sample,GENERAL
dd3d44f4-dcf7-4f73-9864-78f1b12216f4,name353,test,img_sample,GENERAL
28a14085-c547-4cae-a7fe-91be0f249c25,name354,test,img_sample,GENERAL
d87333a3-7995-4a2c-931c-0779f193478e,name355,test,img_sample,GENERAL
8f7eb10a-bd81-4cc2-82ef-4cd9f9e64eb6,name356,test,img_sample,GENERAL
86e5d8ac-428f-4e70-93c8-74bcc86d74ac,name357,test,img_sample,GENERAL
601e92f3-5883-4a33-8223-d12b4c8955bf,name358,test,img_sample,GENERAL
37820888-5430-4d7c-8e2f-80127157c0e0,name359,test,img_sample,GENERAL
48ac3633-5989-4f55-8c32-3424431d17ce,name360,test,img_sample,GENERAL
fe5601a3-62cc-4075-ba66-2ab8b8c350d9,name361,test,img_sample,GENERAL
1ddf6c7e-be0a-4554-80c0-996b288f3d87,name362,test,img_sample,GENERAL
681659e8-1522-4e45-8144-2d8c8b83a069,name363,test,img_sample,GENERAL
480ae3fc-452f-48af-8ac6-df5e0427121f,name364,test,img_sample,GENERAL
b61ea579-6257-4eaf-8c1c-6c760f5fe9cc,name365,test,img_sample,GENERAL
3a875a80-ef6a-4686-9684-bd13217e4d4f,name366,test,img_sample,GENERAL
9b611798-990b-4b03-a0fd-2bfa0133c4af,name367,test,img_sample,GENERAL
4ec77d43-fe7a-4320-a5c1-e9200b8c36f3,name368,test,img_sample,GENERAL
939ce3f6-72c5-4f71-bc37-0fd257dd4e32,name369,test,img_sample,GENERAL
e563b85c-6bf9-45fc-a6c8-0ec48f3b711b,name370,test,img_sample,GENERAL
c4e8a2c1-66bd-46f4-ac41-ccc9953e7a51,name371,test,img_sample,GENERAL
4d725f91-531c-44c0-8544-40e4fc54cc68,name372,test,img_sample,GENERAL
98e32f92-9f8f-470a-bfa5-f4cf770c0ecc,name373,test,img_sample,GENERAL
b778c6cf-c6aa-4b88-8268-9b88918dbe35,name374,test,img_sample,GENERAL
c31dfa82-f9d1-4425-bdae-7a13dc68c895,name375,test,img_sample,GENERAL
5a6a8e73-4192-4063-91a3-b8f1ed0607e9,name376,test,img_sample,GENERAL
5ac2890c-bbc6-4cf7-8584-0b1a2fbb1c5e,name377,test,img_sample,GENERAL
da1846d6-48c0-4a74-8e09-a4b01934a85a,name378,test,img_sample,GENERAL
39c29c0e-4ead-46e4-a55e-7129484219d3,name379,test,img_sample,GENERAL
8e39c24e-4a1d-493a-8127-4ea7dd955fb6,name380,test,img_sample,GENERAL
b7547bb1-713d-4f2a-8a5e-82e05a749b77,name381,test,img_sample,GENERAL
92f742e0-2056-49c8-9b78-00489c948779,name382,test,img_sample,GENERAL
c73eac7e-b336-4fd2-baa8-b15076ed590d,name383,test,img_sample,GENERAL
2385b468-064d-40a7-a74f-f632b68704d8,name384,test,img_sample,GENERAL
358293fe-078e-4f13-978d-3f2756a86b1a,name385,test,img_sample,GENERAL
581664b6-2929-4752-bce0-e745d4bf831e,name386,test,img_sample,GENERAL
bb288bd6-d0e6-4339-9bd3-6a577fb5cc81,name387,test,img_sample,GENERAL
8970c907-8f4b-4ba1-a4da-544b88f44aa1,name388,test,img_sample,GENERAL
7b7b2051-8ee7-43fa-87ef-2063ef69f3e5,name389,test,img_sample,GENERAL
50f214e3-7612-4ec5-8e11-25216f494fb9,name390,test,img_sample,GENERAL
f3b2e3df-9edf-4f9b-8f20-91524287b609,name391,test,img_sample,GENERAL
f89e9dc2-7047-4bf8-a3ca-92850b3f570f,name392,test,img_sample,GENERAL
37f81102-cee4-48c5-a7a9-5df3882c971a,name393,test,img_sample,GENERAL
3d394301-1324-4338-86a4-f849314afa35,name394,test,img_sample,GENERAL
6f0c1d7a-57b6-4660-b2e1-57fb01ce3a88,name395,test,img_sample,GENERAL
f844c4a5-7b68-4bb0-b927-23770c486b52,name396,test,img_sample,GENERAL
edd2eea1-97f1-4353-88a5-0d585fb66feb,name397,test,img_sample,GENERAL
658737d0-667d-43b1-a074-b1da46514038,name398,test,img_sample,GENERAL
c5e34a49-79ac-43ce-8d7b-6903eb5f00c8,name399,test,img_sample,GENERAL
8735144b-240f-4b96-8317-c568b59274e7,name400,test,img_sample,GENERAL
abd4f925-29cc-4986-9425-89ad8bffabc5,name401,test,img_sample,GENERAL
51849efa-4561-469c-92f0-04be6138c426,name402,test,img_sample,GENERAL
f88db34f-7b47-445b-ae73-8538e7905b81,name403,test,img_sample,GENERAL
22da83bf-5b1f-43fd-af76-c5d710ed64b0,name404,test,img_sample,GENERAL
43564244-2e58-4f8c-b704-037a5fe497ad,name405,test,img_sample,GENERAL
0fe2b913-a6df-422e-95f5-a7e3c4c45cc7,name406,test,img_sample,GENERAL
2610e580-e7fa-476d-9262-c17c9b08ef2a,name407,test,img_sample,GENERAL
870e3146-ea69-4304-ac36-76688be37919,name408,test,img_sample,GENERAL
cea24136-2f06-4062-9dee-6bbb207b4c36,name409,test,img_sample,GENERAL
42d6bb7f-e592-407c-b594-9875cd4652a9,name410,test,img_sample,GENERAL
4274d792-d3e8-40d9-a96f-e33970c470df,name411,test,img_sample,GENERAL
6eadc3c5-bc6b-4081-9229-6c26f039e858,name412,test,img_sample,GENERAL
2a588fa9-7256-4607-b306-a667ec8552cf,name413,test,img_sample,GENERAL
272c03e6-253b-4446-a766-0a45420661c8,name414,test,img_sample,GENERAL
63fda730-a4f5-4d72-8c1a-79e0a9754267,name415,test,img_sample,GENERAL
c799a6bd-028f-4135-ade5-43ebe1cb0dbd,name416,test,img_sample,GENERAL
aae5e6c2-3904-4601-b795-3ec874eed8f1,name417,test,img_sample,GENERAL
9482d365-3bbe-4c3d-a62c-7a37325ab18e,name418,test,img_sample,GENERAL
2296d56a-4150-4142-9e0f-f9a34757ea7a,name419,test,img_sample,GENERAL
a0770e05-d062-487a-a914-a94c3eff7c88,name420,test,img_sample,GENERAL
1c8e26c9-27ce-43a3-b421-5aaed73a33c2,name421,test,img_sample,GENERAL
23ad1f36-7043-451c-b395-39c530aa324d,name422,test,img_sample,GENERAL
d7513128-66b4-415d-bca6-07d872bbb1dd,name423,test,img_sample,GENERAL
efe1e1c3-19a1-4b40-afab-2d474c9def79,name424,test,img_sample,GENERAL
a876af3f-2519-460a-93aa-18c4ea2c49f5,name425,test,img_sample,GENERAL
65d54b14-ed35-42fe-8310-0b7c61c0a771,name426,test,img_sample,GENERAL
92f8b2af-f95f-4423-a1a1-981b96df0861,name427,test,img_sample,GENERAL
37425229-9fc8-4e30-980a-a6b0fdb37224,name428,test,img_sample,GENERAL
ffd1a00a-2a20-4d91-ab62-d9fd64f192e9,name429,test,img_sample,GENERAL
90488363-8dbf-417d-b3d1-6d2168e18540,name430,test,img_sample,GENERAL
f467cd8d-72da-4e62-884a-9a44cf067b86,name431,test,img_sample,GENERAL
8f810827-a31c-4f4d-86d2-292cbcdfe520,name432,test,img_sample,GENERAL
643c87bc-ed57-4346-b857-2c006e76d3a4,name433,test,img_sample,GENERAL
5a369adb-c1fd-4dc8-8153-466ae9dd7b34,name434,test,img_sample,GENERAL
e8b0e536-7c75-411b-a9fb-dc05147add5a,name435,test,img_sample,GENERAL
2a9e05c2-f276-4be1-9fd4-59c71629df3c,name436,test,img_sample,GENERAL
f8255c43-ba3a-461c-a8fe-f16092949e2a,name437,test,img_sample,GENERAL
763da15d-6121-400f-8f84-74fb07f2a25e,name438,test,img_sample,GENERAL
07843038-3eaa-42e8-8c5c-b18dcd85f7f0,name439,test,img_sample,GENERAL
84c87d8b-156f-486b-8465-248b654cf151,name440,test,img_sample,GENERAL
c11bce3a-66d6-49df-a6e8-9472e50da1e9,name441,test,img_sample,GENERAL
6dec9895-2980-4acc-adc1-8341170a4dee,name442,test,img_sample,GENERAL
1ea796a4-330e-4115-91cd-4dcce073b05f,name443,test,img_sample,GENERAL
9c7b74f8-6e6e-41d4-9890-6d26e360baff,name444,test,img_sample,GENERAL
390d0d8d-3e49-4159-82c4-4d3d875af747,name445,test,img_sample,GENERAL
8cd3c45e-e831-45bd-966c-17ea05148e02,name446,test,img_sample,GENERAL
dd68336f-12e3-4617-9669-44dd31f59b5f,name447,test,img_sample,GENERAL
31e3c5d3-822a-4729-a432-5483e6341860,name448,test,img_sample,GENERAL
185d06c5-f554-4663-93e7-29eda3cb353a,name449,test,img_sample,GENERAL
6212521c-6728-47db-ba26-9de7e3557132,name450,test,img_sample,GENERAL
ca3934f2-f6e4-4c6f-b8a6-4ed317c0fdd1,name451,test,img_sample,GENERAL
90c2c336-844c-419a-8f14-259160dd6a06,name452,test,img_sample,GENERAL
421ff0e1-d581-4f53-806e-c9db34c22cd9,name453,test,img_sample,GENERAL
8ba66708-5bd8-4e60-8b2a-0a41ab08a0fb,name454,test,img_sample,GENERAL
ad6e28d5-3308-45ab-82b3-860f2253d1c8,name455,test,img_sample,GENERAL
3b0eb2bd-6a8a-42ed-85ff-9e3c994153c9,name456,test,img_sample,GENERAL
6e6bb83a-d6c9-404b-8a2d-26d88a57a431,name457,test,img_sample,GENERAL
57b8a65d-b85c-47b4-aa84-7aa82f22f3be,name458,test,img_sample,GENERAL
20bfbada-2434-4b84-9c75-d3d105d1d730,name459,test,img_sample,GENERAL
6a951283-49b0-4131-a4d5-75c9aae47e2a,name460,test,img_sample,GENERAL
a41e0ef4-423e-43b4-ac89-34230519b3e5,name461,test,img_sample,GENERAL
7ac50fd6-ea11-4e05-9216-3b58805285ba,name462,test,img_sample,GENERAL
19a5e207-1115-4b37-b7ba-206415ca694b,name463,test,img_sample,GENERAL
d3f66e8c-8138-41ae-925d-640fb5c19d07,name464,test,img_sample,GENERAL
accd5402-8a96-4d21-9203-99a3e9e936cf,name465,test,img_sample,GENERAL
99d28172-ed36-478d-8e03-637c466139c9,name466,test,img_sample,GENERAL
5d53729a-649e-49a3-8fa2-292da695b12e,name467,test,img_sample,GENERAL
9b71c389-84a9-471d-87e5-6ed39d0d4ee1,name468,test,img_sample,GENERAL
b85e4dde-c0cb-4758-b5c5-7a0b1c494e8e,name469,test,img_sample,GENERAL
a3a3ea75-9aa2-4ba3-9f33-6d3bdbe22622,name470,test,img_sample,GENERAL
a801be74-60ea-43c6-9b18-de0ba0303cda,name471,test,img_sample,GENERAL
a383471f-3a3d-4a44-a936-281686c79cf8,name472,test,img_sample,GENERAL
c9e627a6-c9da-41d1-9327-525aa1043a57,name473,test,img_sample,GENERAL
d6aa691c-5a4b-4513-890a-dc9ca733fb90,name474,test,img_sample,GENERAL
fa4f8ea7-dcd5-46a8-804f-d01983be4ed8,name475,test,img_sample,GENERAL
19ac9af7-080e-4e3b-bab9-3a7c8334d054,name476,test,img_sample,GENERAL
3942ff2f-1ceb-4ef8-a2e3-e0e9d0a27266,name477,test,img_sample,GENERAL
347f327f-77e8-4d2b-b928-f75fae5556e1,name478,test,img_sample,GENERAL
1173e3af-d46e-446f-97cc-a9d77957de96,name479,test,img_sample,GENERAL
499f6d29-a32d-4d6f-aab1-e86222a14401,name480,test,img_sample,GENERAL
59a7e451-220c-49f0-b0bb-948e4f533b8a,name481,test,img_sample,GENERAL
e3838a82-d616-4fbb-97ef-c26449aa9b80,name482,test,img_sample,GENERAL
f5750fb9-2d40-4cb6-8059-9560b5737aa3,name483,test,img_sample,GENERAL
699232b1-e28e-4296-b360-af150ab5c1ff,name484,test,img_sample,GENERAL
44bb93ed-9e2b-449e-94b3-08d533a32ae4,name485,test,img_sample,GENERAL
ac798abf-fb1c-4a12-a1cc-1497ebfd4678,name486,test,img_sample,GENERAL
85a4a894-27f4-479b-befa-a15f8c70ff01,name487,test,img_sample,GENERAL
e331d148-12ed-49f7-b390-9f20ffaf75bc,name488,test,img_sample,GENERAL
ec917887-e0b7-48d7-b8e6-01889d0ea2a9,name489,test,img_sample,GENERAL
c6887545-338c-4ae6-9c1b-b3084a53c46f,name490,test,img_sample,GENERAL
e7afccd4-ca1d-49a0-9926-85654c10e766,name491,test,img_sample,GENERAL
f9c17bcb-43e6-4aac-a755-8cf3f7c26e60,name492,test,img_sample,GENERAL
1b85d51d-730b-40f1-a6b8-996173446fcd,name493,test,img_sample,GENERAL
b08f0be1-fd4b-4787-bd6c-21dd9d99cf97,name494,test,img_sample,GENERAL
64743ec4-dfa7-4c16-a5fb-933b13df9161,name495,test,img_sample,GENERAL
e66be7b3-10e9-4e31-93a7-05b6875648e1,name496,test,img_sample,GENERAL
f5137c1d-3e53-4ebd-bc52-788b84e78465,name497,test,img_sample,GENERAL
d1a71eb7-bbd9-4b40-a703-c40ae9cba68d,name498,test,img_sample,GENERAL
2b2c06c4-b995-49f6-964b-48cb22f75d6d,name499,test,img_sample,GENERAL
9be9fc0c-14fe-40ee-92a6-9031ba9764e4,name500,test,img_sample,GENERAL
eb20f6d5-799d-4b6c-b490-d47153684fba,name501,test,img_sample,GENERAL
8b1ada19-caf0-453b-b22f-cdd0a38b45f1,name502,test,img_sample,GENERAL
d5520a5f-689b-4ea8-9661-99ad40eba793,name503,test,img_sample,GENERAL
24ce7207-11a1-4303-9785-53622f8b7612,name504,test,img_sample,GENERAL
0379796b-6907-46b9-aa19-da0f5a7689bf,name505,test,img_sample,GENERAL
616684f6-d189-46ce-b150-5cb465c0b0bc,name506,test,img_sample,GENERAL
122badad-33c4-4bbd-8bd1-e85928bf5263,name507,test,img_sample,GENERAL
ae9df0ed-0abe-49a3-8f2c-fb7e5dd4625c,name508,test,img_sample,GENERAL
655782aa-00e0-4ff7-b68e-9223159d9dbb,name509,test,img_sample,GENERAL
202b5258-03c5-4409-8f21-39f4ee0c64f0,name510,test,img_sample,GENERAL
978f2aa1-8f78-4c8b-8fcf-7010237899e7,name511,test,img_sample,GENERAL
e189a52e-5042-44bd-9bfb-2f99047c459d,name512,test,img_sample,GENERAL
291636db-b7fa-4c46-9aa9-b72e62c8ade8,name513,test,img_sample,GENERAL
2b2e5040-a490-490b-aa84-3e24ef19282b,name514,test,img_sample,GENERAL
879e5563-0703-4c49-ae2d-47260f81f483,name515,test,img_sample,GENERAL
ac15bbac-45c7-48e2-8db1-359dd344ef4b,name516,test,img_sample,GENERAL
5262fe1b-d59a-4287-9028-3390639c596e,name517,test,img_sample,GENERAL
29db71da-d2ba-4ad8-bdcb-d1e86db28aa1,name518,test,img_sample,GENERAL
4160f2c2-a5f0-4833-b692-1a833e8c2157,name519,test,img_sample,GENERAL
afe0e1df-1c95-4c34-adcb-9ff118175c74,name520,test,img_sample,GENERAL
0de44ee4-1222-4e78-a91e-09b7fbec2d5f,name521,test,img_sample,GENERAL
34e5ee07-9251-42d1-b65b-128006ae8773,name522,test,img_sample,GENERAL
038ce4a0-f5ee-429e-9ebd-5c6321740407,name523,test,img_sample,GENERAL
0d60076c-3652-40d5-a4f8-2d67bd521c90,name524,test,img_sample,GENERAL
512e7748-fea2-4de9-96c9-c428e21e3b0b,name525,test,img_sample,GENERAL
0ea05f62-c694-4350-9ebd-5b385ff4b4b1,name526,test,img_sample,GENERAL
7aaa155e-86d7-4d4f-9921-163ca3b19250,name527,test,img_sample,GENERAL
1b3cf21e-6906-4708-a901-d9cb42386daf,name528,test,img_sample,GENERAL
ef758236-747d-4fb6-abb8-8b2bde5ffd78,name529,test,img_sample,GENERAL
3d9e9626-765c-441a-b886-95ef2efb0229,name530,test,img_sample,GENERAL
fbbff075-c654-4f3c-944d-5d8186c6af5f,name531,test,img_sample,GENERAL
847bdefa-871e-4726-ba73-ea17a03fe3cd,name532,test,img_sample,GENERAL
0af11601-7ae8-4ccc-9c17-0f6a8db0d66c,name533,test,img_sample,GENERAL
7d059faa-0544-419f-b049-7f9fc936096b,name534,test,img_sample,GENERAL
79435286-4f07-4616-a51f-7946f51f7343,name535,test,img_sample,GENERAL
e2074f95-8a94-4dc7-8344-c5bbcc237dc4,name536,test,img_sample,GENERAL
8fee3b19-6ceb-49b1-bdea-ac69227b5236,name537,test,img_sample,GENERAL
c39fb045-eba2-4806-8c8e-db81bc6ae322,name538,test,img_sample,GENERAL
3272fcd8-9be7-4ddc-a567-1ba94c11541d,name539,test,img_sample,GENERAL
ee7a0dc6-65ce-489a-b700-6cf0c47babc6,name540,test,img_sample,GENERAL
f201f39a-e625-4958-95a9-c0d7fa930c7c,name541,test,img_sample,GENERAL
589cc6e8-e495-4d9e-86e0-d517263c304a,name542,test,img_sample,GENERAL
767642bc-9fc5-413a-b782-44fc6a05a1fd,name543,test,img_sample,GENERAL
d99cf8b8-3c24-4924-b3c8-a9c866355e8f,name544,test,img_sample,GENERAL
0d7896bc-2750-4599-85bc-28d1deb6ca63,name545,test,img_sample,GENERAL
c05d0d4d-7f45-47f2-8777-52d225fb6e6d,name546,test,img_sample,GENERAL
7a1c7a00-52d4-4faa-a10b-0e29fdbf29de,name547,test,img_sample,GENERAL
0b87c0e9-ab3f-42e2-804e-8b56ac5e6f1a,name548,test,img_sample,GENERAL
1eb6539b-bbbd-42a6-a083-32f7d3dbd64f,name549,test,img_sample,GENERAL
90373e9a-c545-45aa-a894-df33cb936ed7,name550,test,img_sample,GENERAL
96f3fa86-bc09-4c82-b0c3-4fd7c810f02b,name551,test,img_sample,GENERAL
6594386d-b2fe-4cad-9f0c-dc927c48ed6b,name552,test,img_sample,GENERAL
c83be0e2-ae1c-4d15-bfb3-88bb15273b7c,name553,test,img_sample,GENERAL
6ef267df-77b8-4635-8a33-26a8150b9d34,name554,test,img_sample,GENERAL
eb9bf17f-8a25-476e-bbab-8faac0905b4b,name555,test,img_sample,GENERAL
f2e5f2f8-ecc5-4ace-8396-0536d2fcbbf3,name556,test,img_sample,GENERAL
49a0a1de-5bab-4629-ab74-f3f941fe1850,name557,test,img_sample,GENERAL
aa8f67b9-0e90-43a6-bd4d-ee0bbd2455c2,name558,test,img_sample,GENERAL
0097fb9b-e16f-460a-9982-91460c064b20,name559,test,img_sample,GENERAL
6b74cae6-eec9-42df-9893-b09474b059f6,name560,test,img_sample,GENERAL
26370a82-c714-4779-b840-aaa8b56383df,name561,test,img_sample,GENERAL
1e4d0454-8c38-4f7a-93d5-95dc88e94271,name562,test,img_sample,GENERAL
9e292e32-5883-4079-8d47-0da22dcbd151,name563,test,img_sample,GENERAL
8f113ed4-3344-4c6a-bc12-dea1981a8be2,name564,test,img_sample,GENERAL
724d7dbf-d9b5-4456-94fe-105f1ed144f2,name565,test,img_sample,GENERAL
e833a712-2d14-45be-abee-82f85a508ee2,name566,test,img_sample,GENERAL
2d0cf586-4f66-45f3-89ca-c032893e8576,name567,test,img_sample,GENERAL
811b7c29-d113-4967-9b59-ad5a9da297fb,name568,test,img_sample,GENERAL
8272cb73-0d6e-4211-aa86-00b5ae53f8f3,name569,test,img_sample,GENERAL
83d56f13-23f0-4d93-be68-7ac70344cb42,name570,test,img_sample,GENERAL
cf109502-dbbd-4ad3-8e69-80d2d08df768,name571,test,img_sample,GENERAL
9c74d6a1-4d80-4c9c-b69e-a8d822710a3c,name572,test,img_sample,GENERAL
baa923a6-0e17-418d-9b77-c41b6c48744b,name573,test,img_sample,GENERAL
a8830805-0455-4589-b520-076c6291f51b,name574,test,img_sample,GENERAL
4a41a803-a49f-44bf-82a0-29fa045ac334,name575,test,img_sample,GENERAL
5391dade-6e2a-4101-82d7-6a0911e92fd3,name576,test,img_sample,GENERAL
713e95df-0ae0-4794-8867-b933de9720c8,name577,test,img_sample,GENERAL
d3a1033d-29c4-4f7c-b933-737a9777cfd4,name578,test,img_sample,GENERAL
511a85c9-fc19-4dc0-9f05-e4ee77f4cd31,name579,test,img_sample,GENERAL
6899e74d-01af-4773-952f-199ab32c0cf3,name580,test,img_sample,GENERAL
4c552ac1-9129-473e-b94d-af234e156685,name581,test,img_sample,GENERAL
d811a7cc-34b8-47e2-91d6-cb0d91facc71,name582,test,img_sample,GENERAL
9b7ae54f-8aad-4788-a3c9-eb56b3e2b229,name583,test,img_sample,GENERAL
541726df-d836-4606-a363-a08913e59f41,name584,test,img_sample,GENERAL
f09c96e7-5e73-4aba-85ce-7bafa4831253,name585,test,img_sample,GENERAL
4d95d938-5caa-4b4c-820d-b3e0db2de38a,name586,test,img_sample,GENERAL
b84bdbc5-7d8e-4214-949c-d0d2e7dcfb23,name587,test,img_sample,GENERAL
34811093-2c9e-4aa5-9169-831ef6d9414f,name588,test,img_sample,GENERAL
5a52563b-1528-4ae8-9ec9-a6f8f9a8778b,name589,test,img_sample,GENERAL
e379f48b-aa6a-4167-b8e2-fd618287784d,name590,test,img_sample,GENERAL
1b99c900-bf32-4a52-a188-388c202fdecf,name591,test,img_sample,GENERAL
ba566b3f-d1c9-4ee2-b087-d9046af3865e,name592,test,img_sample,GENERAL
d5228cbe-6c8f-4fee-8e2a-424396974b6b,name593,test,img_sample,GENERAL
af0a00b2-bbac-4ace-8885-1fa6ec675f7d,name594,test,img_sample,GENERAL
aefbed1a-59b4-4514-8618-ff8c3cef8248,name595,test,img_sample,GENERAL
df4faba9-e768-4e6c-9f0c-f4ecd57d1f0a,name596,test,img_sample,GENERAL
5e717c10-1a6d-4724-ab65-5fe6c51fdd76,name597,test,img_sample,GENERAL
86c1e680-5397-4ecf-99bb-28ed4b61b3fc,name598,test,img_sample,GENERAL
163eb70e-6b41-40e0-94b8-f3e6fa7788ad,name599,test,img_sample,GENERAL
6fc97d5e-98a0-482f-86c6-68c15a04519a,name600,test,img_sample,GENERAL
c18fb7ec-a83b-4a18-8759-48b2736f7daf,name601,test,img_sample,GENERAL
c3dd61e8-20a0-4828-b754-4ee7cc8608b0,name602,test,img_sample,GENERAL
445a6cd2-9a70-4c0a-9ed9-7ce129103409,name603,test,img_sample,GENERAL
967cdb55-a190-4ccd-9eb6-dd9bb9b652a7,name604,test,img_sample,GENERAL
05dfb766-7d0b-442e-9803-9a31652c68e4,name605,test,img_sample,GENERAL
4861faed-2d00-4366-a9ee-68027337a7a2,name606,test,img_sample,GENERAL
582d3853-157c-422d-9874-022914413237,name607,test,img_sample,GENERAL
afd7a8c0-78e4-4456-9f87-003c53097b08,name608,test,img_sample,GENERAL
6caa7303-4192-4a26-b81a-a710b220d841,name609,test,img_sample,GENERAL
bbb9e4b9-c2ca-4afd-86c5-b8db476bf4d9,name610,test,img_sample,GENERAL